Stop,Name,Description,Long,Lat,No Measurements,Res 1,Res 2,Res 3,Res 4,Res 5,Res 6,Res 7,Res 8,Res 9,Res 10,Res 11,Res 12,Res 13,Res 14,Res 15,Res 16,Res 17,Res 18,Res 19,Res 20,Res 21,Average,Max,Max>20
6,SomSCD-1a,GolfCourse1,51 01 31 N,03 12 07 W,15,21,23,4,5,15,20,39,32,22,82,5,15,37,49,16,106,31,3,39,38,,25.66666667,106,TRUE
7,SomSCD-2a,NoVegHalse,51 02 05 N,03 12 40 W,5,2,4,5,5,20,,,,,,,,,,,,,,,,,7.2,20,TRUE
7,SomSCD-2b,VegHalse,-,-,15,30,23,19,7,23,14,5,2,14,28,5,31,16,51,48,,,,,,,21.06666667,51,TRUE
8,SomSCD-3a,LargeFieldBig,51 03 53 N,03 09 60 W,4,2,2,1,1,,,,,,,,,,,,,,,,,,1.5,2,FALSE
8,SomSCD-3b,LargeFieldCar,-,-,4,0,2,4,9,,,,,,,,,,,,,,,,,,3.75,9,FALSE
9,SomSCD-3c,Oval,51 04 24 N,03 10 38 W,5,5,6,4,4,8,,,,,,,,,,,,,,,,,5.4,8,FALSE
10,SomSCD-4a,Pylon,51 06 45 N,03 03 11 W,6,5,4,1,0,0,0,,,,,,,,,,,,,,,,1.666666667,5,FALSE
10,SomSCD-4b,Pylon,-,-,4,1,4,2,5,,,,,,,,,,,,,,,,,,3,5,FALSE
11,SomSCD-5a,NorthRes,,,7,23,5,10,3,4,15,10,,,,,,,,,,,,,,,10,23,TRUE
11,SomSCD-5b,NorthRes,,,5,14,0,0,3,1,,,,,,,,,,,,,,,,,3.6,14,FALSE
12,SomSCD-6a,cows,51 10 00 N,03 09 27 W,10,2,1,18,26,16,4,7,10,11,2,,,,,,,,,,,,9.7,26,TRUE
13,SomSCD-7a,fromRoad,51 09 06 N,3 10 14 W,14,22,15,17,5,7,41,46,24,39,65,77,41,33,77,,,,,,,,36.35714286,77,TRUE
30,SomSCD-8a,KilveField,51 10 47 N,03 17 02 W,10,55,43,33,40,5,3,6,41,13,15,,,,,,,,,,,,25.4,55,TRUE
31,SomSCD-8b,KilveField2,51 10 57 N,03 15 11 W,4,13,5,29,3,,,,,,,,,,,,,,,,,12.5,29,TRUE
32,SomSCD-1b,Oake2,51.0259894,-3.202983522,,21,20,1,0,1,2,10,24,0,11,6,7,18,,,,,,,,,7.769230769,24,FALSE