Long,Lat,Res,
51.02525142,-3.201912884,21,
51.02505235,-3.201894109,23,
51.02487689,-3.201869969,5,
51.02462552,-3.201840465,15,
51.02441632,-3.201805596,20,
51.02535602,-3.201926295,39,
51.02536108,-3.202460055,32,
51.02532228,-3.203074281,22,
51.02541169,-3.203278129,82,
51.02511477,-3.203921859,5,
51.02483134,-3.202288394,15,
51.0246019,-3.202258889,37,
51.02428136,-3.202213292,49,
51.02354545,-3.202286755,16,
51.02536928,-3.203256497,31,
51.02530464,-3.20291287,3,check
51.02404262,-3.202175716,106,
51.0259894,-3.202983522,21,
51.02603787,-3.202755508,20,
51.02620957,-3.20400477,1,
51.02627218,-3.20345882,0,
51.02634086,-3.20295783,1,
51.02636914,-3.202794045,2,
51.0264257,-3.202338017,0,
51.02666,-3.202993157,24,
51.02664586,-3.203137673,0,
51.02662566,-3.203298246,11,
51.02575509,-3.203950175,6,
51.02571469,-3.203362476,7,
51.02567025,-3.202167809,18,
