Stop,Long,Lat,Res 1,Res 2,Res 3 ,Res 4,,,,
14,51 10 55 N,03 24 46 W,3,3,3,3,,,,
15,51 10 54 N ,03 24 21 W,5,46,41,22,,,,
16,51 10 42 N,03 23 18 W,2,2,1,40,,,,
17,51 10 57 N,03 22 57 W,4,5,13,9,,,,
18,51 11 01 N,03 22 44 W,1,3,1,2,,,,
19,51 11 01 N,03 22 38 W,3,3,3,0,,,,
20,51 11 01 N,03 22 26 W,1,3,2,13,,,,
21,51 10 58 N,03 22 00 W,3,3,2,7,,,,
22,51 10 52.18 N ,03 21 13.11 W,4,5,2,1,,,,
23,51 10 52.12 N ,03 20 32.74 W,0,2,1,6,,,,
24,51 19 55 N,03 19 19 W,4,5,6,18,,,,
25,51 10 46 N,03 18 44 W,11,3,6,7,,,,
26,51 10 49.55 N ,03 18 10.89 W,10,13,5,8,,,,
27,51 10 46.66 N,03 17 38.60 ,9,22,8,10,,,,
28,51 10 53 N,03 17 16 W,0,4,3,11,,,,
29,51 10 47 N,03 17 02 W,3,6,3,2,,,,
32,51 11 09 N,03 15 38 W,4,4,4,2,,,,
33,51 11 13 N,03 15 07 W,13,10,21,42,,,,
34,51 11 14 N,03 15 00 W,5,2,9,10,,,,
35,51 11 22 N,03 14 29 W,5,15,4,5,,,,
36,51 11 28 N,03 14 08 W,4,14,9,15,,,,
37,51 11 32 N ,03 13 38 W,6,7,7,28,13,13,11,7
38,51 11 36 N,03 13 13 W,6,4,4,5,,,,
39,51 11 41 N,03 12 54 W,4,3,4,3,,,,
40,51 11 51.40 N ,03 12 32.70 W,3,3,16,4,,,,
41,51 12 01.39 N ,03 12 10.37 W,5,4,3,4,,,,
42,51 12 06.89 N ,03 11 49.00 W,2,4,5,2,,,,
43,51 12 04.69 N,03 11 15.27 W,5,5,10,7,,,,
44,51 11 58 N,03 10 50 W,3,5,4,4,,,,
45,51 12 04 N,03 10 27 W,3,2,4,6,,,,
46,,,3,3,2,2,,,,
47,51 11 24 N,03 25 27 W,40,10,13,16,,,,
48,51 11 17 N,03 25 09 W,127,104,132,127,165,200,,
49,51 11 58 N,03 26 13 W,5,6,4,3,,,,